Freq_Inf,Sim_inf_gnd_77,Freq_68mm,Sim_finite_gnd_68,Freq_82mm,Sim_finite_gnd_82,Freq_None,Meas_no_ground,Freq_PCB,Meas_PCB_ground
850,-7.81592286680814,850,-9.35684686298212,850,-11.2554729819487,797.8588,1.3994,850,-3.63054432863661
850.653266331658,-7.8828694094511,850.653266331658,-9.42761347077593,850.653266331658,-11.1703015665018,798.9309,1.717566,851.3,-3.68807279201021
851.306532663317,-7.95035166455314,851.306532663317,-9.49887463406057,851.306532663317,-11.0863137045604,800.2433,1.246977,852.6,-3.75706113075085
851.959798994975,-8.0183708780295,851.959798994975,-9.57063086436106,851.959798994975,-11.0034852473651,801.7154,1.423911,853.9,-3.81977716662587
852.613065326633,-8.08692811733935,852.613065326633,-9.64288249143801,852.613065326633,-10.921792723764,801.9934,1.758751,855.2,-3.92032586271352
853.266331658292,-8.15602425934179,853.266331658292,-9.71562965140587,853.266331658292,-10.8412133168798,803.447,1.588055,856.5,-3.98799947487906
853.91959798995,-8.22565997745335,853.91959798995,-9.78887227418729,853.91959798995,-10.7617248416301,804.9395,1.5956,857.8,-4.05747611416943
854.572864321608,-8.29583572806998,854.572864321608,-9.86261007026991,854.572864321608,-10.6833057230764,806.1403,1.544198,859.1,-4.15319184920808
855.226130653266,-8.36655173621458,855.226130653266,-9.93684251673054,855.226130653266,-10.605934975579,807.0462,1.662224,860.4,-4.19549065289111
855.879396984925,-8.4378079803703,855.879396984925,-10.011568842491,855.879396984925,-10.5295921827295,808.0012,1.272774,861.7,-4.25438750740205
856.532663316583,-8.50960417645724,856.532663316583,-10.0867880127677,856.532663316583,-10.4542574780383,809.062,1.196825,863,-4.28687407312123
857.185929648241,-8.58193976090927,857.185929648241,-10.1624987126765,857.185929648241,-10.3799115263494,810.2309,0.8479269,864.3,-4.34988963968993
857.8391959799,-8.65481387280575,857.8391959799,-10.2386993299527,857.8391959799,-10.3065355059584,811.3404,0.913582,865.6,-4.44577216760101
858.492462311558,-8.7282253350115,858.492462311558,-10.3153879367451,858.492462311558,-10.234111091408,812.4137,0.4862196,866.9,-4.55144583234081
859.145728643216,-8.80217263427666,859.145728643216,-10.3925622704416,859.145728643216,-10.1626204369355,814.114,0.415261,868.2,-4.68398982088298
859.798994974874,-8.87665390024679,859.798994974874,-10.4702197134834,859.798994974874,-10.0920461605499,814.5935,0.2530144,869.5,-4.77512018223604
860.452261306533,-8.95166688333207,860.452261306533,-10.5483572721231,860.452261306533,-10.0223713287131,815.3881,0.351513,870.8,-4.9186073423902
861.105527638191,-9.02720893138323,861.105527638191,-10.626971554082,861.105527638191,-9.95357944160282,816.6189,-0.1669582,872.1,-5.01663673993074
861.758793969849,-9.10327696512045,861.758793969849,-10.7060587450606,861.758793969849,-9.88565441893434,817.4252,-0.5883318,873.4,-5.12730636967481
862.412060301508,-9.17986745226122,862.412060301508,-10.785614584056,862.412060301508,-9.81858058631996,817.6456,-0.195026,874.7,-5.23330862078532
863.065326633166,-9.25697638029126,863.065326633166,-10.8656343374407,863.065326633166,-9.75234266214413,818.3746,-0.758418,876,-5.34458609037345
863.718592964824,-9.33459922782338,863.718592964824,-10.9461127717556,863.718592964824,-9.68692574493413,819.2139,-1.315239,877.3,-5.44709219917237
864.371859296482,-9.41273093448778,864.371859296482,-11.0270441251708,864.371859296482,-9.62231530120671,820.9792,-1.48864,878.6,-5.57821460157435
865.025125628141,-9.49136586929836,865.025125628141,-11.1084220775712,865.025125628141,-9.55849715377127,822.2706,-2.036379,879.9,-5.77798870906051
865.678391959799,-9.5704977974397,865.678391959799,-11.1902397192195,865.678391959799,-9.49545747047138,822.9001,-2.408657,881.2,-5.98465087358103
866.331658291457,-9.65011984542036,866.331658291457,-11.2724895179577,866.331658291457,-9.43318275334689,824.2714,-2.65734,882.5,-6.18508934346365
866.984924623115,-9.73022446454039,866.984924623115,-11.3551632849038,866.984924623115,-9.37165982819963,824.9231,-3.111249,883.8,-6.35393248954994
867.638190954774,-9.81080339262214,867.638190954774,-11.4382521386079,867.638190954774,-9.31087583454621,825.9628,-3.361847,885.1,-6.49174612236826
868.291457286432,-9.89184761395755,868.291457286432,-11.5217464676338,868.291457286432,-9.25081821594244,826.7234,-3.909772,886.4,-6.64837735338075
868.944723618091,-9.97334731742831,868.944723618091,-11.605635891535,868.944723618091,-9.19147471066388,828.4107,-4.522881,887.7,-6.86894136325124
869.597989949749,-10.0552918527599,869.597989949749,-11.6899092202027,869.597989949749,-9.13283334272853,829.0223,-4.991155,889,-7.09455260760261
870.251256281407,-10.1376696848772,870.251256281407,-11.7745544115655,870.251256281407,-9.07488241324723,830.8148,-5.115107,890.3,-7.33571683990768
870.904522613065,-10.2204683463348,870.904522613065,-11.8595585276312,870.904522613065,-9.01761049208894,832.0922,-5.563561,891.6,-7.63796911688795
871.557788944724,-10.3036743878064,871.557788944724,-11.9449076888672,871.557788944724,-8.96100640984774,833.1947,-6.077247,892.9,-7.98714016662878
872.211055276382,-10.3872733266231,872.211055276382,-12.0305870269286,872.211055276382,-8.90505925009953,834.8373,-5.847559,894.2,-8.34089850452283
872.86432160804,-10.4712495933674,872.86432160804,-12.1165806357505,872.86432160804,-8.84975834193665,836.5634,-6.385255,895.5,-8.67617973743843
873.517587939699,-10.5555864765378,873.517587939699,-12.2028715210383,873.517587939699,-8.79509325276916,837.4193,-6.854319,896.8,-9.00510292461078
874.170854271357,-10.6402660653186,874.170854271357,-12.2894415482019,874.170854271357,-8.741053781382,838.5549,-7.22684,898.1,-9.31731525721064
874.824120603015,-10.7252691905042,874.824120603015,-12.3762713887973,874.824120603015,-8.68762995123796,839.593,-7.774512,899.4,-9.65154937680756
875.477386934673,-10.8105753636487,875.477386934673,-12.4633404655581,875.477386934673,-8.63481200401617,840.5201,-8.350496,900.7,-9.99983879587949
876.130653266332,-10.8961627145343,876.130653266332,-12.5506268961212,876.130653266332,-8.58259039337711,841.7672,-8.914618,902,-10.3496997750486
876.78391959799,-10.982007927076,876.78391959799,-12.6381074355718,876.78391959799,-8.53095577894485,842.8852,-9.436217,903.3,-10.6572054615387
877.437185929648,-11.0680861738118,877.437185929648,-12.7257574179637,877.437185929648,-8.47989902049793,843.327,-9.209193,904.6,-10.9381515802208
878.090452261306,-11.154371049155,878.090452261306,-12.8135506969956,878.090452261306,-8.42941117236066,844.062,-9.804003,905.9,-11.275424366342
878.743718592965,-11.2408345016254,878.743718592965,-12.9014595860572,878.743718592965,-8.37948347798679,845.3172,-10.384,907.2,-11.7406678527087
879.396984924623,-11.32744676531,879.396984924623,-12.9894547978951,879.396984924623,-8.33010736472817,846.1254,-10.93905,908.5,-12.1452685377661
880.050251256281,-11.414176290852,880.050251256281,-13.077505384185,880.050251256281,-8.28127443878083,847.1898,-11.41953,909.8,-12.3948456540354
880.70351758794,-11.5009896763079,880.70351758794,-13.1655786753358,880.70351758794,-8.23297648030188,848.0424,-11.94636,911.1,-12.4600089689256
881.356783919598,-11.5878515982668,881.356783919598,-13.2536402209008,881.356783919598,-8.18520543869041,849.2313,-12.82615,912.4,-12.5243703958079
882.010050251256,-11.6747247436802,882.010050251256,-13.3416537310115,882.010050251256,-8.13795342802586,850.5093,-13.29832,913.7,-12.6773962221269
882.663316582915,-11.7615697429066,882.663316582915,-13.4295810193052,882.663316582915,-8.09121272265811,851.1484,-13.82141,915,-12.7722297704043
883.316582914573,-11.8483451045402,883.316582914573,-13.5173819478673,883.316582914573,-8.04497575294319,852.2803,-14.06899,916.3,-12.7068596368167
883.969849246231,-11.935007152658,883.969849246231,-13.6050143747663,883.969849246231,-7.99923510111909,853.2349,-14.63576,917.6,-12.6599913047792
884.623115577889,-12.021509967187,884.623115577889,-13.6924341048166,884.623115577889,-7.95398349731638,853.8635,-14.26277,918.9,-12.5544052457001
885.276381909548,-12.1078053281687,885.276381909548,-13.7795948442638,885.276381909548,-7.90921381569835,855.1672,-14.2816,920.2,-12.3463594450412
885.929648241206,-12.1938426647676,885.929648241206,-13.8664481601465,885.929648241206,-7.86491907072601,855.9514,-14.63218,921.5,-12.0531877621003
886.582914572864,-12.2795690099479,886.582914572864,-13.952943445153,886.582914572864,-7.82109241354303,857.3221,-14.74068,922.8,-11.7692712462097
887.236180904523,-12.3649289618189,887.236180904523,-14.0390278888451,887.236180904523,-7.77772712847616,858.6932,-14.29412,924.1,-11.5591031908103
887.889447236181,-12.4498646527208,887.889447236181,-14.1246464561864,887.889447236181,-7.7348166296469,859.6146,-13.89109,925.4,-11.3456988029975
888.542713567839,-12.5343157271967,888.542713567839,-14.2097418743638,888.542713567839,-7.69235445769016,860.6031,-13.38852,926.7,-11.1125601956664
889.195979899498,-12.6182193300626,889.195979899498,-14.294254628941,889.195979899498,-7.65033427657604,861.6717,-12.91582,928,-10.8415271663931
889.849246231156,-12.7015101058492,889.849246231156,-14.3781229704328,889.849246231156,-7.60874987053091,862.5551,-12.33046,929.3,-10.513647260523
890.502512562814,-12.7841202109419,890.502512562814,-14.4612829324181,890.502512562814,-7.56759514105404,863.8817,-12.24184,930.6,-10.1381550212822
891.155778894472,-12.8659793397845,891.155778894472,-14.5436683623431,891.155778894472,-7.52686410402648,864.7565,-12.2946,931.9,-9.81663720172061
891.809045226131,-12.9470147665431,891.809045226131,-14.6252109661759,891.809045226131,-7.48655088690865,866.1152,-11.9187,933.2,-9.44637473997079
892.462311557789,-13.0271514036355,892.462311557789,-14.7058403680743,892.462311557789,-7.44664972602351,867.6826,-11.95864,934.5,-9.14366206716236
893.115577889447,-13.1063118785209,893.115577889447,-14.7854841862132,893.115577889447,-7.40715496392227,869.3355,-11.94663,935.8,-8.87062833554444
893.768844221106,-13.1844166301153,893.768844221106,-14.8640681258769,893.768844221106,-7.36806104682958,870.9945,-11.88198,937.1,-8.65073149884182
894.422110552764,-13.2613840261359,894.422110552764,-14.9415160908658,894.422110552764,-7.32936252216545,871.5479,-11.54426,938.4,-8.44665435453868
895.075376884422,-13.3371305025904,895.075376884422,-15.0177503141801,895.075376884422,-7.29105403614108,872.6973,-11.58434,939.7,-8.20652540932989
895.72864321608,-13.4115707265054,895.72864321608,-15.0926915088351,895.72864321608,-7.2531303314261,874.2098,-12.13948,941,-8.02156879721525
896.381909547739,-13.4846177828312,896.381909547739,-15.1662590395211,896.381909547739,-7.21558624488469,874.8697,-12.60817,942.3,-7.8504213352928
897.035175879397,-13.5561833862632,897.035175879397,-15.2383711156521,897.035175879397,-7.17841670537796,876.1962,-12.82732,943.6,-7.68282049820377
897.688442211055,-13.6261781184896,897.688442211055,-15.3089450061462,897.688442211055,-7.1416167316307,877.0247,-13.30767,944.9,-7.51991065897949
898.341708542713,-13.6945116910974,898.341708542713,-15.3778972760494,898.341708542713,-7.10518143015977,878.4102,-13.70148,946.2,-7.35880293160474
898.994974874372,-13.7610932340562,898.994974874372,-15.4451440448498,898.994974874372,-7.06910599326246,878.5993,-13.12984,947.5,-7.17299960455644
899.64824120603,-13.8258316093461,899.64824120603,-15.5106012660359,899.64824120603,-7.03338569706242,880.0147,-13.1371,948.8,-7.0038716041109
900.301507537689,-13.8886357489089,900.301507537689,-15.5741850271348,900.301507537689,-6.99801589961134,881.2872,-13.13057,950.1,-6.85874164479814
900.954773869347,-13.9494150156794,900.954773869347,-15.6358118691189,900.954773869347,-6.96299203904462,882.3371,-13.15944,951.4,-6.75613505528418
901.608040201005,-14.0080795860131,901.608040201005,-15.6953991237111,901.608040201005,-6.92830963178879,883.2973,-12.72644,952.7,-6.60746069688973
902.261306532663,-14.0645408513586,902.261306532663,-15.752865266739,902.261306532663,-6.89396427081945,884.3952,-12.35063,954,-6.467077773268
902.914572864322,-14.1187118365552,902.914572864322,-15.808130285311,902.914572864322,-6.85995162396769,884.5769,-11.93833,955.3,-6.3167911047077
903.56783919598,-14.1705076316643,903.56783919598,-15.8611160562077,903.56783919598,-6.82626743227338,885.5569,-12.00831,956.6,-6.20698300638779
904.221105527638,-14.2198458337857,904.221105527638,-15.9117467325147,904.221105527638,-6.79290750838412,886.5254,-12.0613,957.9,-6.09020842960725
904.874371859296,-14.2666469948832,904.874371859296,-15.9599491351787,904.874371859296,-6.7598677349978,887.8457,-11.73394,959.2,-5.98439702152852
905.527638190955,-14.3108350712511,905.527638190955,-16.00565314586,905.527638190955,-6.72714406334782,889.0617,-11.56445,960.5,-5.91990348315227
906.180904522613,-14.3523378699197,906.180904522613,-16.0487920971779,906.180904522613,-6.69473251172938,889.266,-11.25005,961.8,-5.85246232063599
906.834170854271,-14.3910874870328,906.834170854271,-16.0893031562394,906.834170854271,-6.66262916406539,890.8114,-11.40938,963.1,-5.76175106538949
907.48743718593,-14.4270207330372,907.48743718593,-16.1271276971815,907.48743718593,-6.63083016851096,892.5032,-11.43622,964.4,-5.67046910907703
908.140703517588,-14.4600795394395,908.140703517588,-16.1622116583806,908.140703517588,-6.59933173609507,893.641,-10.86643,965.7,-5.61042836031244
908.793969849246,-14.4902113418824,908.793969849246,-16.1945058799819,908.793969849246,-6.56813013939824,894.8282,-10.57493,967,-5.56783416499344
909.447236180904,-14.5173694344156,909.447236180904,-16.2239664174832,909.447236180904,-6.53722171126509,896.2311,-10.38829,968.3,-5.53091325270419
910.100502512563,-14.5415132900594,910.100502512563,-16.2505548272788,910.100502512563,-6.50660284355071,897.7528,-9.986515,969.6,-5.47294167191693
910.753768844221,-14.562608843098,910.753768844221,-16.27423842033,910.753768844221,-6.4762699858997,899.2739,-10.09193,970.9,-5.4119104625488
911.407035175879,-14.580628728987,911.407035175879,-16.2949904804694,911.407035175879,-6.44621964455688,900.3824,-9.923696,972.2,-5.33372631690603
912.060301507538,-14.5955524783075,912.060301507538,-16.3127904442757,912.060301507538,-6.4164483812087,900.4688,-9.555576,973.5,-5.26330238928688
912.713567839196,-14.6073666618342,912.713567839196,-16.3276240399491,912.713567839196,-6.38695281185443,901.6303,-9.644695,974.8,-5.24643662779382
913.366834170854,-14.6160649845006,913.366834170854,-16.339483383181,913.366834170854,-6.35772960570608,902.9472,-9.735162,976.1,-5.19957690071941
914.020100502513,-14.6216483268118,914.020100502513,-16.3483670286178,914.020100502513,-6.32877548411633,904.3543,-9.569521,977.4,-5.15779366402412
914.673366834171,-14.6241247330655,914.673366834171,-16.3542799761654,914.673366834171,-6.30008721953348,904.4691,-9.247756,978.7,-5.11349525316476
915.326633165829,-14.6235093465665,915.326633165829,-16.3572336320418,915.326633165829,-6.27166163448265,905.8392,-9.436548,980,-5.077987715446
915.979899497487,-14.6198242928416,915.979899497487,-16.357245725153,915.979899497487,-6.24349560057248,906.8155,-9.39985,NaN,NaN
916.633165829146,-14.6130985126529,916.633165829146,-16.3543401800156,916.633165829146,-6.21558603752646,907.8823,-9.409104,NaN,NaN
917.286432160804,-14.6033675473584,917.286432160804,-16.348546948072,917.286432160804,-6.18792991223826,909.4282,-9.448862,NaN,NaN
917.939698492462,-14.590673279845,917.939698492462,-16.3399017998188,917.939698492462,-6.16052423785016,911.5962,-9.467668,NaN,NaN
918.592964824121,-14.5750636348613,918.592964824121,-16.3284460806824,918.592964824121,-6.13336607285421,912.9264,-9.110338,NaN,NaN
919.246231155779,-14.5565922430779,919.246231155779,-16.3142264340259,919.246231155779,-6.10645252021511,914.5918,-9.138972,NaN,NaN
919.899497487437,-14.5353180736048,919.899497487437,-16.2972944950342,919.899497487437,-6.07978072651435,916.2878,-9.120678,NaN,NaN
920.552763819096,-14.511305039981,920.552763819096,-16.27770655951,920.552763819096,-6.05334788111502,917.5621,-9.058334,NaN,NaN
921.206030150754,-14.4846215848311,921.206030150754,-16.2555232318068,921.206030150754,-6.02715121534652,918.8207,-8.803892,NaN,NaN
921.859296482412,-14.4553402484457,921.859296482412,-16.2308090562329,921.859296482412,-6.00118800170875,920.5869,-8.689356,NaN,NaN
922.51256281407,-14.4235372265083,922.51256281407,-16.2036321362823,922.51256281407,-5.97545555309521,921.4064,-8.841378,NaN,NaN
923.165829145729,-14.3892919220474,923.165829145729,-16.1740637459874,923.165829145729,-5.9499512220343,922.9033,-8.839307,NaN,NaN
923.819095477387,-14.3526864964757,923.819095477387,-16.1421779375578,923.819095477387,-5.92467239994854,924.78,-9.227802,NaN,NaN
924.472361809045,-14.3138054242737,924.472361809045,-16.1080511492674,924.472361809045,-5.89961651643102,926.2849,-9.226219,NaN,NaN
925.125628140704,-14.272735055515,925.125628140704,-16.0717618172998,925.125628140704,-5.87478103853863,927.358,-9.261876,NaN,NaN
925.778894472362,-14.2295631900233,925.778894472362,-16.0333899949567,925.778894472362,-5.85016347010171,928.4474,-9.244978,NaN,NaN
926.43216080402,-14.1843786665056,926.43216080402,-15.9930169823013,926.43216080402,-5.82576135104944,929.3413,-9.226385,NaN,NaN
927.085427135678,-14.1372709695421,927.085427135678,-15.9507249689449,927.085427135678,-5.80157225675078,930.5239,-9.612538,NaN,NaN
927.738693467337,-14.0883298568422,927.738693467337,-15.9065966923087,927.738693467337,-5.77759379737035,932.0251,-9.370113,NaN,NaN
928.391959798995,-14.0376450087062,928.391959798995,-15.8607151133141,928.391959798995,-5.75382361723888,933.2385,-9.293126,NaN,NaN
929.045226130653,-13.9853057011758,929.045226130653,-15.8131631110735,929.045226130653,-5.73025939423794,934.8204,-9.309045,NaN,NaN
929.698492462311,-13.9314005039233,929.698492462311,-15.7640231977904,929.698492462311,-5.7068988391983,936.1176,-9.311514,NaN,NaN
930.35175879397,-13.8760170035222,930.35175879397,-15.7133772547265,930.35175879397,-5.68373969531191,937.2262,-9.321132,NaN,NaN
931.005025125628,-13.8192415523696,931.005025125628,-15.6613062897651,931.005025125628,-5.66077973755674,938.4091,-9.337979,NaN,NaN
931.658291457287,-13.761159043196,931.658291457287,-15.607890216803,931.658291457287,-5.63801677213452,940.2622,-9.017107,NaN,NaN
932.311557788945,-13.7018527088002,932.311557788945,-15.5532076569278,932.311557788945,-5.6154486359207,941.6903,-8.785474,NaN,NaN
932.964824120603,-13.6414039463916,932.964824120603,-15.4973357610979,932.964824120603,-5.59307319592646,943.0969,-8.575037,NaN,NaN
933.618090452261,-13.5798921657059,933.618090452261,-15.4403500538342,933.618090452261,-5.57088834877255,944.6412,-8.340325,NaN,NaN
934.27135678392,-13.5173946598817,934.27135678392,-15.3823242972512,934.27135678392,-5.54889202017439,946.2612,-7.976725,NaN,NaN
934.924623115578,-13.4539864979459,934.924623115578,-15.323330374612,934.924623115578,-5.52708216443833,948.3267,-7.652121,NaN,NaN
935.577889447236,-13.3897404376469,935.577889447236,-15.263438192469,935.577889447236,-5.50545676396882,950.1921,-8.010825,NaN,NaN
936.231155778894,-13.3247268573027,936.231155778894,-15.2027156003625,936.231155778894,-5.48401382878592,951.3721,-8.146945,NaN,NaN
936.884422110553,-13.2590137052813,936.884422110553,-15.1412283269861,936.884422110553,-5.46275139605321,952.9695,-8.37744,NaN,NaN
937.537688442211,-13.1926664657104,937.537688442211,-15.0790399316799,937.537688442211,-5.44166752961568,954.3988,-8.397366,NaN,NaN
938.190954773869,-13.1257481390138,938.190954773869,-15.0162117700937,938.190954773869,-5.4207603195473,955.6796,-8.400948,NaN,NaN
938.844221105528,-13.0583192358901,938.844221105528,-14.9528029728555,938.844221105528,-5.40002788170816,957.0043,-8.442551,NaN,NaN
939.497487437186,-12.9904377833824,939.497487437186,-14.8888704360917,939.497487437186,-5.37946835731069,958.7521,-8.45395,NaN,NaN
940.150753768844,-12.9221593417367,940.150753768844,-14.8244688226694,940.150753768844,-5.35907991249516,959.5733,-8.461073,NaN,NaN
940.804020100502,-12.8535370308012,940.804020100502,-14.7596505730632,940.804020100502,-5.33886073791371,960.825,-8.36654,NaN,NaN
941.457286432161,-12.7846215647837,941.457286432161,-14.6944659247942,941.457286432161,-5.31880904832306,962.6185,-8.452359,NaN,NaN
942.110552763819,-12.7154612942545,942.110552763819,-14.6289629394366,942.110552763819,-5.29892308218557,964.1874,-8.474751,NaN,NaN
942.763819095477,-12.6461022543533,942.763819095477,-14.5631875362422,942.763819095477,-5.27920110127842,965.3737,-8.932955,NaN,NaN
943.417085427136,-12.5765882182356,943.417085427136,-14.4971835314899,943.417085427136,-5.25964139031073,966.2429,-9.458669,NaN,NaN
944.070351758794,-12.5069607548689,944.070351758794,-14.4309926827294,944.070351758794,-5.24024225654844,967.2972,-9.902554,NaN,NaN
944.723618090452,-12.4372592903613,944.723618090452,-14.3646547371455,944.723618090452,-5.22100202944673,968.7753,-9.990027,NaN,NaN
945.376884422111,-12.3675211720821,945.376884422111,-14.2982074833331,945.376884422111,-5.20191906028978,970.0446,-10.01062,NaN,NaN
946.030150753769,-12.297781734902,946.030150753769,-14.2316868058311,946.030150753769,-5.18299172183782,971.8906,-9.67453,NaN,NaN
946.683417085427,-12.2280743689476,946.683417085427,-14.1651267418223,946.683417085427,-5.16421840798105,973.5682,-9.98849,NaN,NaN
947.336683417085,-12.1584305883321,947.336683417085,-14.0985595394615,947.336683417085,-5.14559753340056,975.1936,-10.19208,NaN,NaN
947.989949748744,-12.0888801003814,947.989949748744,-14.0320157173497,947.989949748744,-5.1271275332358,976.1604,-10.68058,NaN,NaN
948.643216080402,-12.0194508749337,948.643216080402,-13.9655241247213,948.643216080402,-5.10880686275866,977.7928,-10.79545,NaN,NaN
949.29648241206,-11.9501692133434,949.29648241206,-13.8991120019594,949.29648241206,-5.09063399705389,978.7884,-10.41941,NaN,NaN
949.949748743719,-11.8810598168665,949.949748743719,-13.832805041101,949.949748743719,-5.07260743070573,980.0063,-10.46803,NaN,NaN
950.603015075377,-11.8121458541528,950.603015075377,-13.766627446034,950.603015075377,-5.05472567749063,981.081,-10.9443,NaN,NaN
951.256281407035,-11.7434490276087,951.256281407035,-13.7006019921268,951.256281407035,-5.03698727007583,982.0051,-11.47839,NaN,NaN
951.909547738694,-11.6749896384334,951.909547738694,-13.6347500850667,951.909547738694,-5.01939075972389,982.55,-11.18978,NaN,NaN
952.562814070352,-11.6067866501624,952.562814070352,-13.5690918187184,952.562814070352,-5.00193471600268,983.7199,-11.13845,NaN,NaN
953.21608040201,-11.538857750587,953.21608040201,-13.503646031839,953.21608040201,-4.984617726501,985.3064,-11.56609,NaN,NaN
953.869346733668,-11.4712194119396,953.869346733668,-13.4384303635171,953.869346733668,-4.96743839654963,986.7345,-11.37099,NaN,NaN
954.522613065327,-11.4038869492653,954.522613065327,-13.3734613072252,954.522613065327,-4.95039534894755,986.8296,-11.06882,NaN,NaN
955.175879396985,-11.3368745769165,955.175879396985,-13.3087542633985,955.175879396985,-4.93348722369339,988.1054,-11.19845,NaN,NaN
955.829145728643,-11.2701954631294,955.829145728643,-13.2443235904702,955.829145728643,-4.91671267772191,989.0539,-10.64459,NaN,NaN
956.482412060301,-11.2038617826561,956.482412060301,-13.1801826543136,956.482412060301,-4.90007038464533,989.9837,-10.01592,NaN,NaN
957.13567839196,-11.137884767442,957.13567839196,-13.1163438760535,957.13567839196,-4.88355903449958,990.3542,-10.388,NaN,NaN
957.788944723618,-11.0722747553491,957.788944723618,-13.0528187782268,957.788944723618,-4.86717733349516,991.7256,-11.01308,NaN,NaN
958.442211055276,-11.0070412369378,958.442211055276,-12.9896180292801,958.442211055276,-4.85092400377266,992.1355,-11.56276,NaN,NaN
959.095477386935,-10.9421929003289,959.095477386935,-12.9267514864046,959.095477386935,-4.83479778316272,993.7938,-11.64389,NaN,NaN
959.748743718593,-10.8777376741739,959.748743718593,-12.8642282367173,959.748743718593,-4.81879742495041,NaN,NaN,NaN,NaN
960.402010050251,-10.8136827687706,960.402010050251,-12.8020566368055,960.402010050251,-4.80292169764392,NaN,NaN,NaN,NaN
961.05527638191,-10.7500347153646,961.05527638191,-12.7402443506557,961.05527638191,-4.78716938474746,NaN,NaN,NaN,NaN
961.708542713568,-10.6867994036809,961.708542713568,-12.6787983859968,961.708542713568,-4.77153928453823,NaN,NaN,NaN,NaN
962.361809045226,-10.6239821177357,962.361809045226,-12.6177251290905,962.361809045226,-4.75603020984742,NaN,NaN,NaN,NaN
963.015075376885,-10.5615875699802,963.015075376885,-12.5570303780035,963.015075376885,-4.74064098784519,NaN,NaN,NaN,NaN
963.668341708543,-10.4996199338275,963.668341708543,-12.4967193744041,963.668341708543,-4.72537045982945,NaN,NaN,NaN,NaN
964.321608040201,-10.4380828746203,964.321608040201,-12.4367968339223,964.321608040201,-4.71021748101844,NaN,NaN,NaN,NaN
964.974874371859,-10.3769795790923,964.974874371859,-12.3772669751188,964.974874371859,-4.69518092034693,NaN,NaN,NaN,NaN
965.628140703518,-10.3163127833815,965.628140703518,-12.3181335471072,965.628140703518,-4.68025966026617,NaN,NaN,NaN,NaN
966.281407035176,-10.2560847996496,966.281407035176,-12.2593998558752,966.281407035176,-4.66545259654715,NaN,NaN,NaN,NaN
966.934673366834,-10.1962975413641,966.934673366834,-12.2010687893509,966.934673366834,-4.65075863808753,NaN,NaN,NaN,NaN
967.587939698493,-10.1369525472978,967.587939698493,-12.1431428412617,967.587939698493,-4.63617670672185,NaN,NaN,NaN,NaN
968.241206030151,-10.0780510043003,968.241206030151,-12.0856241338298,968.241206030151,-4.62170573703504,NaN,NaN,NaN,NaN
968.894472361809,-10.0195937688928,968.894472361809,-12.0285144393527,968.894472361809,-4.60734467617919,NaN,NaN,NaN,NaN
969.547738693467,-9.96158138774144,969.547738693467,-11.9718152007119,969.547738693467,-4.5930924836935,NaN,NaN,NaN,NaN
970.201005025126,-9.9040141170562,970.201005025126,-11.9155275508555,970.201005025126,-4.57894813132738,NaN,NaN,NaN,NaN
970.854271356784,-9.84689194096678,970.854271356784,-11.859652331298,970.854271356784,-4.56491060286648,NaN,NaN,NaN,NaN
971.507537688442,-9.79021458892223,971.507537688442,-11.8041901096798,971.507537688442,-4.55097889396182,NaN,NaN,NaN,NaN
972.1608040201,-9.73398155216065,972.1608040201,-11.7491411964275,972.1608040201,-4.53715201196177,NaN,NaN,NaN,NaN
972.814070351759,-9.67819209929331,972.814070351759,-11.6945056605568,972.814070351759,-4.5234289757469,NaN,NaN,NaN,NaN
973.467336683417,-9.62284529104619,973.467336683417,-11.6402833446545,973.467336683417,-4.50980881556767,NaN,NaN,NaN,NaN
974.120603015075,-9.56793999420003,974.120603015075,-11.5864738790808,974.120603015075,-4.49629057288482,NaN,NaN,NaN,NaN
974.773869346734,-9.51347489476868,974.773869346734,-11.5330766954249,974.773869346734,-4.48287330021244,NaN,NaN,NaN,NaN
975.427135678392,-9.45944851045369,975.427135678392,-11.4800910392522,975.427135678392,-4.46955606096373,NaN,NaN,NaN,NaN
976.08040201005,-9.40585920241151,976.08040201005,-11.4275159821747,976.08040201005,-4.45633792929933,NaN,NaN,NaN,NaN
976.733668341708,-9.35270518636837,976.733668341708,-11.375350433279,976.733668341708,-4.44321798997812,NaN,NaN,NaN,NaN
977.386934673367,-9.29998454311576,977.386934673367,-11.3235931499416,977.386934673367,-4.43019533821057,NaN,NaN,NaN,NaN
978.040201005025,-9.24769522841896,978.040201005025,-11.2722427480631,978.040201005025,-4.41726907951447,NaN,NaN,NaN,NaN
978.693467336683,-9.19583508236847,978.693467336683,-11.2212977117489,978.693467336683,-4.4044383295731,NaN,NaN,NaN,NaN
979.346733668342,-9.14440183820361,979.346733668342,-11.1707564024642,979.346733668342,-4.39170221409568,NaN,NaN,NaN,NaN
980,-9.09339313063591,980,-11.1206170676907,980,-4.37905986868012,NaN,NaN,NaN,NaN
